SmashTag,CLG. | SFAT Number,Path
CLG. | SFAT,0,
GUG | Kürv,1,CLG. | SFAT
KoDoRiN,1,CLG. | SFAT
SANS | Blues Clues,1,CLG. | SFAT
PEP | LSD,1,CLG. | SFAT
bobby big ballz,1,CLG. | SFAT
Ginger,1,CLG. | SFAT
S2J,1,CLG. | SFAT
LFG | Eddy Mexico,2,CLG. | SFAT < SANS | Blues Clues
Divine Senator Kelly,2,CLG. | SFAT < SANS | Blues Clues
NOOT,2,CLG. | SFAT < GUG | Kürv
Bones,2,CLG. | SFAT < GUG | Kürv
LAG,2,CLG. | SFAT < GUG | Kürv
YC | Pappi,2,CLG. | SFAT < SANS | Blues Clues
cliché,2,CLG. | SFAT < bobby big ballz
Golden,2,CLG. | SFAT < SANS | Blues Clues
IMP | Ben,2,CLG. | SFAT < GUG | Kürv
Typhoon,2,CLG. | SFAT < GUG | Kürv
NoFuxGiven,2,CLG. | SFAT < SANS | Blues Clues
RedX,2,CLG. | SFAT < SANS | Blues Clues
DD,2,CLG. | SFAT < SANS | Blues Clues
Erik,2,CLG. | SFAT < PEP | LSD
306 | Amrak,2,CLG. | SFAT < bobby big ballz
ycz6,2,CLG. | SFAT < GUG | Kürv
Revenge | Gahtzu,2,CLG. | SFAT < PEP | LSD
Twisty,2,CLG. | SFAT < SANS | Blues Clues
Trock,2,CLG. | SFAT < SANS | Blues Clues
Young,2,CLG. | SFAT < SANS | Blues Clues
Hulka,2,CLG. | SFAT < SANS | Blues Clues
Android 0,2,CLG. | SFAT < KoDoRiN
EP | Justus,2,CLG. | SFAT < SANS | Blues Clues
Fizz,2,CLG. | SFAT < SANS | Blues Clues
Dom,2,CLG. | SFAT < PEP | LSD
SLO | GrizzlyBair,2,CLG. | SFAT < SANS | Blues Clues
The Leaf,2,CLG. | SFAT < KoDoRiN
Thad <3,2,CLG. | SFAT < SANS | Blues Clues
yingling,2,CLG. | SFAT < bobby big ballz
ABG | salami,2,CLG. | SFAT < KoDoRiN
SonOfJ,2,CLG. | SFAT < bobby big ballz
306 | Polo,2,CLG. | SFAT < SANS | Blues Clues
Null,2,CLG. | SFAT < GUG | Kürv
RG | Far!,2,CLG. | SFAT < KoDoRiN
noChill,2,CLG. | SFAT < KoDoRiN
Spiral Cafe | Krudo,2,CLG. | SFAT < bobby big ballz
Westballz,2,CLG. | SFAT < GUG | Kürv
Fiction,2,CLG. | SFAT < SANS | Blues Clues
Higgins,3,CLG. | SFAT < PEP | LSD < Erik
NGG | Jflex,3,CLG. | SFAT < GUG | Kürv < Typhoon
Gaz,3,CLG. | SFAT < SANS | Blues Clues < RedX
JCubez,3,CLG. | SFAT < PEP | LSD < Erik
CowCowCowCowCow,3,CLG. | SFAT < SANS | Blues Clues < Young
Rive,3,CLG. | SFAT < SANS | Blues Clues < RedX
TPN,3,CLG. | SFAT < GUG | Kürv < LAG
ScrubUp,3,CLG. | SFAT < GUG | Kürv < LAG
Boy,3,CLG. | SFAT < SANS | Blues Clues < Divine Senator Kelly
Pipe,3,CLG. | SFAT < bobby big ballz < cliché
Cowbell,3,CLG. | SFAT < SANS | Blues Clues < Divine Senator Kelly
Help,3,CLG. | SFAT < SANS | Blues Clues < Divine Senator Kelly
MordecaiPielord,3,CLG. | SFAT < SANS | Blues Clues < RedX
PQ2 | CPU0,3,CLG. | SFAT < SANS | Blues Clues < LFG | Eddy Mexico
Dandy,3,CLG. | SFAT < SANS | Blues Clues < RedX
ParkedInTraffic | Commas,3,CLG. | SFAT < SANS | Blues Clues < RedX
Enrique Iglesias,3,CLG. | SFAT < SANS | Blues Clues < Divine Senator Kelly
ANTIFA CEO | Quiggles,3,CLG. | SFAT < SANS | Blues Clues < DD
BLM | Rats!,3,CLG. | SFAT < GUG | Kürv < LAG
MIOM | Toph,3,CLG. | SFAT < SANS | Blues Clues < Thad <3
404 YC | Salt,3,CLG. | SFAT < GUG | Kürv < LAG
DarkGenex,3,CLG. | SFAT < bobby big ballz < Spiral Cafe | Krudo
Marrgasm,3,CLG. | SFAT < bobby big ballz < cliché
ePG | Chevy,3,CLG. | SFAT < SANS | Blues Clues < RedX
Jorge,3,CLG. | SFAT < SANS | Blues Clues < Divine Senator Kelly
Mango's Friend | Lucky,3,CLG. | SFAT < GUG | Kürv < NOOT
Soltrain,3,CLG. | SFAT < SANS | Blues Clues < Thad <3
Bonn Esports | Question,3,CLG. | SFAT < PEP | LSD < Erik
Light,3,CLG. | SFAT < bobby big ballz < cliché
Elk G | Ivayne,3,CLG. | SFAT < SANS | Blues Clues < YC | Pappi
jams,3,CLG. | SFAT < SANS | Blues Clues < RedX
GST | Ryobeat,3,CLG. | SFAT < GUG | Kürv < Null
TBD,3,CLG. | SFAT < bobby big ballz < cliché
Ghost Rider,3,CLG. | SFAT < GUG | Kürv < Bones
Neologism,3,CLG. | SFAT < PEP | LSD < Erik
olé,3,CLG. | SFAT < PEP | LSD < Erik
soccermom69,3,CLG. | SFAT < SANS | Blues Clues < Trock
GLR | JAM,3,CLG. | SFAT < PEP | LSD < Erik
ROFL,3,CLG. | SFAT < GUG | Kürv < LAG
Crispy | Chango,3,CLG. | SFAT < GUG | Kürv < LAG
Phorox,3,CLG. | SFAT < SANS | Blues Clues < RedX
CG | Firebolt,3,CLG. | SFAT < bobby big ballz < cliché
Chem,3,CLG. | SFAT < SANS | Blues Clues < DD
Vish,3,CLG. | SFAT < GUG | Kürv < LAG
thesiscat,3,CLG. | SFAT < SANS | Blues Clues < RedX
Denzill,3,CLG. | SFAT < GUG | Kürv < LAG
Phantom Airline,3,CLG. | SFAT < SANS | Blues Clues < Young
FM | Cilan,3,CLG. | SFAT < GUG | Kürv < LAG
W8ASec,3,CLG. | SFAT < SANS | Blues Clues < RedX
GS | TreyTheTrashman,3,CLG. | SFAT < SANS | Blues Clues < Fizz
darkwizard123,3,CLG. | SFAT < GUG | Kürv < NOOT
Slump,3,CLG. | SFAT < SANS | Blues Clues < Thad <3
AlyJ,3,CLG. | SFAT < SANS | Blues Clues < Hulka
SDJ,3,CLG. | SFAT < SANS | Blues Clues < EP | Justus
KaiKwonDo,3,CLG. | SFAT < SANS | Blues Clues < SLO | GrizzlyBair
Shy,3,CLG. | SFAT < SANS | Blues Clues < Fizz
HWY | ybot,3,CLG. | SFAT < bobby big ballz < cliché
GHQ | Zamu,3,CLG. | SFAT < SANS | Blues Clues < DD
Megaman,3,CLG. | SFAT < bobby big ballz < cliché
Elysian,3,CLG. | SFAT < SANS | Blues Clues < SLO | GrizzlyBair
DHB | IggyNieves,3,CLG. | SFAT < GUG | Kürv < LAG
Milo,3,CLG. | SFAT < PEP | LSD < Dom
Vitro,3,CLG. | SFAT < bobby big ballz < yingling
USF | Quadae,3,CLG. | SFAT < KoDoRiN < RG | Far!
ManRay,3,CLG. | SFAT < bobby big ballz < cliché
GEM | CrossFitJesus,3,CLG. | SFAT < SANS | Blues Clues < YC | Pappi
Zave,3,CLG. | SFAT < GUG | Kürv < LAG
Chubbz,3,CLG. | SFAT < SANS | Blues Clues < SLO | GrizzlyBair
Trail,3,CLG. | SFAT < PEP | LSD < Erik
WW | Lemonjuices,3,CLG. | SFAT < bobby big ballz < cliché
billybopeep,3,CLG. | SFAT < SANS | Blues Clues < RedX
Panda,3,CLG. | SFAT < PEP | LSD < Erik
JustJoshin,3,CLG. | SFAT < SANS | Blues Clues < DD
YBBT | leroydankins,4,CLG. | SFAT < SANS | Blues Clues < RedX < Dandy
Kaptinkillem,4,CLG. | SFAT < SANS | Blues Clues < RedX < Rive
Mahik,4,CLG. | SFAT < GUG | Kürv < LAG < TPN
Nyte,4,CLG. | SFAT < SANS | Blues Clues < Young < CowCowCowCowCow
shoelegend88,4,CLG. | SFAT < SANS | Blues Clues < DD < ANTIFA CEO | Quiggles
OtES,4,CLG. | SFAT < SANS | Blues Clues < DD < ANTIFA CEO | Quiggles
Mono,4,CLG. | SFAT < GUG | Kürv < LAG < ScrubUp
Gaz333,4,CLG. | SFAT < SANS | Blues Clues < Divine Senator Kelly < Boy
Jolf,4,CLG. | SFAT < SANS | Blues Clues < RedX < Rive
Yamasaki,4,CLG. | SFAT < SANS | Blues Clues < Divine Senator Kelly < Help
Xad,4,CLG. | SFAT < SANS | Blues Clues < RedX < Rive
Maruf,4,CLG. | SFAT < SANS | Blues Clues < Young < CowCowCowCowCow
ight,4,CLG. | SFAT < SANS | Blues Clues < Young < CowCowCowCowCow
CardsNG,4,CLG. | SFAT < SANS | Blues Clues < Divine Senator Kelly < Help
.Ðempt,4,CLG. | SFAT < SANS | Blues Clues < Young < CowCowCowCowCow
Uncle Pete,4,CLG. | SFAT < bobby big ballz < cliché < Megaman
Alex18+,4,CLG. | SFAT < SANS | Blues Clues < DD < ANTIFA CEO | Quiggles
Ringler,4,CLG. | SFAT < SANS | Blues Clues < Thad <3 < Slump
eh | sickø,4,CLG. | SFAT < SANS | Blues Clues < Divine Senator Kelly < Cowbell
Penguis,4,CLG. | SFAT < GUG | Kürv < LAG < FM | Cilan
TG NBR | Panos,4,CLG. | SFAT < SANS | Blues Clues < DD < ANTIFA CEO | Quiggles
TheFormuoli,4,CLG. | SFAT < bobby big ballz < cliché < Pipe
Musashi,4,CLG. | SFAT < bobby big ballz < cliché < Pipe
Solo.,4,CLG. | SFAT < bobby big ballz < cliché < Pipe
Hunybear,4,CLG. | SFAT < SANS | Blues Clues < DD < ANTIFA CEO | Quiggles
Silkylaroux,4,CLG. | SFAT < SANS | Blues Clues < Divine Senator Kelly < Jorge
YoungHanSolo,4,CLG. | SFAT < SANS | Blues Clues < Divine Senator Kelly < Help
Rigo Bigo,4,CLG. | SFAT < SANS | Blues Clues < DD < ANTIFA CEO | Quiggles
Captain G,4,CLG. | SFAT < SANS | Blues Clues < DD < ANTIFA CEO | Quiggles
moscow mich,4,CLG. | SFAT < bobby big ballz < cliché < Megaman
DiscipleOfBorp,4,CLG. | SFAT < SANS | Blues Clues < RedX < jams
Maher,4,CLG. | SFAT < SANS | Blues Clues < DD < ANTIFA CEO | Quiggles
Eastwood,4,CLG. | SFAT < GUG | Kürv < LAG < Vish
BABA | shama,4,CLG. | SFAT < GUG | Kürv < LAG < BLM | Rats!
Dawson,4,CLG. | SFAT < SANS | Blues Clues < DD < ANTIFA CEO | Quiggles
8-bit | dansdaman,4,CLG. | SFAT < SANS | Blues Clues < RedX < Phorox
snacklepackle,4,CLG. | SFAT < SANS | Blues Clues < DD < ANTIFA CEO | Quiggles
QoT | Cruelscotty,4,CLG. | SFAT < SANS | Blues Clues < DD < ANTIFA CEO | Quiggles
John,4,CLG. | SFAT < SANS | Blues Clues < Divine Senator Kelly < Cowbell
Jakespeare,4,CLG. | SFAT < SANS | Blues Clues < Young < CowCowCowCowCow
TurboThot,4,CLG. | SFAT < SANS | Blues Clues < DD < JustJoshin
Pawn,5,CLG. | SFAT < bobby big ballz < cliché < Megaman < moscow mich
2Framez,5,CLG. | SFAT < SANS | Blues Clues < Young < CowCowCowCowCow < .Ðempt
Miranda,5,CLG. | SFAT < SANS | Blues Clues < DD < ANTIFA CEO | Quiggles < Alex18+
Douglas.J.Gov,5,CLG. | SFAT < SANS | Blues Clues < DD < ANTIFA CEO | Quiggles < snacklepackle
Stone,5,CLG. | SFAT < SANS | Blues Clues < DD < ANTIFA CEO | Quiggles < snacklepackle
TC | BuyMyMixTape,5,CLG. | SFAT < SANS | Blues Clues < DD < ANTIFA CEO | Quiggles < snacklepackle
UARK | VentusWK,5,CLG. | SFAT < SANS | Blues Clues < DD < ANTIFA CEO | Quiggles < snacklepackle
sucordie,5,CLG. | SFAT < SANS | Blues Clues < DD < ANTIFA CEO | Quiggles < QoT | Cruelscotty
Strazz,5,CLG. | SFAT < SANS | Blues Clues < DD < ANTIFA CEO | Quiggles < Alex18+
LUNK#783 | dom,5,CLG. | SFAT < SANS | Blues Clues < Young < CowCowCowCowCow < Jakespeare
LanTurN,5,CLG. | SFAT < SANS | Blues Clues < RedX < Dandy < YBBT | leroydankins
CB,5,CLG. | SFAT < SANS | Blues Clues < Young < CowCowCowCowCow < ight
Theftz,5,CLG. | SFAT < SANS | Blues Clues < RedX < Dandy < YBBT | leroydankins
Zeph,5,CLG. | SFAT < SANS | Blues Clues < DD < ANTIFA CEO | Quiggles < QoT | Cruelscotty
Arctic,5,CLG. | SFAT < SANS | Blues Clues < Young < CowCowCowCowCow < Maruf
codeman,5,CLG. | SFAT < SANS | Blues Clues < DD < ANTIFA CEO | Quiggles < snacklepackle
Talen,5,CLG. | SFAT < SANS | Blues Clues < Young < CowCowCowCowCow < Jakespeare
CLEM#112 | Clem,5,CLG. | SFAT < SANS | Blues Clues < Young < CowCowCowCowCow < ight
OXY | TheCrimsonBlur,5,CLG. | SFAT < SANS | Blues Clues < Divine Senator Kelly < Jorge < Silkylaroux
Chewy,5,CLG. | SFAT < SANS | Blues Clues < DD < ANTIFA CEO | Quiggles < Alex18+
FISA | JoJo,5,CLG. | SFAT < SANS | Blues Clues < Young < CowCowCowCowCow < ight
Sporsinick,5,CLG. | SFAT < SANS | Blues Clues < Young < CowCowCowCowCow < ight
foxmcchicken,6,CLG. | SFAT < bobby big ballz < cliché < Megaman < moscow mich < Pawn
Den,6,CLG. | SFAT < SANS | Blues Clues < DD < ANTIFA CEO | Quiggles < Alex18+ < Chewy
LewdCelebs4Free,6,CLG. | SFAT < bobby big ballz < cliché < Megaman < moscow mich < Pawn
STP,6,CLG. | SFAT < SANS | Blues Clues < Young < CowCowCowCowCow < Maruf < Arctic
jtetter,6,CLG. | SFAT < SANS | Blues Clues < Young < CowCowCowCowCow < Jakespeare < Talen
Acuna,6,CLG. | SFAT < bobby big ballz < cliché < Megaman < moscow mich < Pawn
ericiscool.net,6,CLG. | SFAT < SANS | Blues Clues < DD < ANTIFA CEO | Quiggles < Alex18+ < Strazz
Travy,6,CLG. | SFAT < SANS | Blues Clues < DD < ANTIFA CEO | Quiggles < snacklepackle < UARK | VentusWK
Fraud,6,CLG. | SFAT < bobby big ballz < cliché < Megaman < moscow mich < Pawn
Doctor Dank,6,CLG. | SFAT < SANS | Blues Clues < DD < ANTIFA CEO | Quiggles < Alex18+ < Strazz
pointykitty,6,CLG. | SFAT < bobby big ballz < cliché < Megaman < moscow mich < Pawn
RB | V$,6,CLG. | SFAT < SANS | Blues Clues < RedX < Dandy < YBBT | leroydankins < LanTurN
CVSmashMods | Ripn,6,CLG. | SFAT < bobby big ballz < cliché < Megaman < moscow mich < Pawn
SDJ | SudoJoe,6,CLG. | SFAT < bobby big ballz < cliché < Megaman < moscow mich < Pawn
Futz,6,CLG. | SFAT < SANS | Blues Clues < DD < ANTIFA CEO | Quiggles < Alex18+ < Chewy
Tourist,6,CLG. | SFAT < bobby big ballz < cliché < Megaman < moscow mich < Pawn
CSR | Tezlik,6,CLG. | SFAT < SANS | Blues Clues < DD < ANTIFA CEO | Quiggles < Alex18+ < Miranda
Mounir,6,CLG. | SFAT < SANS | Blues Clues < DD < ANTIFA CEO | Quiggles < QoT | Cruelscotty < sucordie
Bobakanoosh,6,CLG. | SFAT < SANS | Blues Clues < DD < ANTIFA CEO | Quiggles < snacklepackle < Stone
Watermelons,6,CLG. | SFAT < bobby big ballz < cliché < Megaman < moscow mich < Pawn
adamaggy,6,CLG. | SFAT < SANS | Blues Clues < RedX < Dandy < YBBT | leroydankins < LanTurN
bird | unlucky,6,CLG. | SFAT < bobby big ballz < cliché < Megaman < moscow mich < Pawn
ZUTH | Zuthane,6,CLG. | SFAT < SANS | Blues Clues < DD < ANTIFA CEO | Quiggles < Alex18+ < Strazz
WOMB#619 | Wombat,6,CLG. | SFAT < bobby big ballz < cliché < Megaman < moscow mich < Pawn
markrevival,6,CLG. | SFAT < bobby big ballz < cliché < Megaman < moscow mich < Pawn
Tammerath,7,CLG. | SFAT < SANS | Blues Clues < Young < CowCowCowCowCow < Jakespeare < Talen < jtetter
Kettering,7,CLG. | SFAT < bobby big ballz < cliché < Megaman < moscow mich < Pawn < pointykitty
ushi,7,CLG. | SFAT < SANS | Blues Clues < Young < CowCowCowCowCow < Jakespeare < Talen < jtetter
Rome0,7,CLG. | SFAT < SANS | Blues Clues < Young < CowCowCowCowCow < Maruf < Arctic < STP
Blanks,7,CLG. | SFAT < SANS | Blues Clues < Young < CowCowCowCowCow < Jakespeare < Talen < jtetter
ImYourDade,7,CLG. | SFAT < bobby big ballz < cliché < Megaman < moscow mich < Pawn < LewdCelebs4Free
dabt,7,CLG. | SFAT < bobby big ballz < cliché < Megaman < moscow mich < Pawn < foxmcchicken
CAPTwheatroll,7,CLG. | SFAT < SANS | Blues Clues < Young < CowCowCowCowCow < Maruf < Arctic < STP
ASAPferq,7,CLG. | SFAT < SANS | Blues Clues < Young < CowCowCowCowCow < Maruf < Arctic < STP
Drewski,7,CLG. | SFAT < SANS | Blues Clues < Young < CowCowCowCowCow < Jakespeare < Talen < jtetter
Melos,7,CLG. | SFAT < bobby big ballz < cliché < Megaman < moscow mich < Pawn < SDJ | SudoJoe
SRN | Soulrifle211,7,CLG. | SFAT < SANS | Blues Clues < Young < CowCowCowCowCow < Jakespeare < Talen < jtetter
hHerb,7,CLG. | SFAT < bobby big ballz < cliché < Megaman < moscow mich < Pawn < pointykitty
Luppi,7,CLG. | SFAT < SANS | Blues Clues < DD < ANTIFA CEO | Quiggles < Alex18+ < Strazz < Doctor Dank
100 Days Of Solitude,7,CLG. | SFAT < bobby big ballz < cliché < Megaman < moscow mich < Pawn < SDJ | SudoJoe
Schweppes,7,CLG. | SFAT < SANS | Blues Clues < DD < ANTIFA CEO | Quiggles < snacklepackle < Stone < Bobakanoosh
Rozu,7,CLG. | SFAT < bobby big ballz < cliché < Megaman < moscow mich < Pawn < markrevival
Frozone,7,CLG. | SFAT < bobby big ballz < cliché < Megaman < moscow mich < Pawn < markrevival
K.H.D | Reign,7,CLG. | SFAT < bobby big ballz < cliché < Megaman < moscow mich < Pawn < WOMB#619 | Wombat
Blue Jay,7,CLG. | SFAT < SANS | Blues Clues < RedX < Dandy < YBBT | leroydankins < LanTurN < RB | V$
3OutChange,7,CLG. | SFAT < bobby big ballz < cliché < Megaman < moscow mich < Pawn < pointykitty
Lust,7,CLG. | SFAT < SANS | Blues Clues < DD < ANTIFA CEO | Quiggles < snacklepackle < Stone < Bobakanoosh
Hamburglar,7,CLG. | SFAT < SANS | Blues Clues < Young < CowCowCowCowCow < Jakespeare < Talen < jtetter
punished | gelp,7,CLG. | SFAT < SANS | Blues Clues < RedX < Dandy < YBBT | leroydankins < LanTurN < adamaggy
kippu,7,CLG. | SFAT < bobby big ballz < cliché < Megaman < moscow mich < Pawn < pointykitty
saacdaddy,7,CLG. | SFAT < bobby big ballz < cliché < Megaman < moscow mich < Pawn < Watermelons
Troy,7,CLG. | SFAT < bobby big ballz < cliché < Megaman < moscow mich < Pawn < Fraud
radvillainy,7,CLG. | SFAT < SANS | Blues Clues < Young < CowCowCowCowCow < Maruf < Arctic < STP
Nico,7,CLG. | SFAT < bobby big ballz < cliché < Megaman < moscow mich < Pawn < pointykitty
420 | Yolk,7,CLG. | SFAT < bobby big ballz < cliché < Megaman < moscow mich < Pawn < WOMB#619 | Wombat
BEBO,8,CLG. | SFAT < bobby big ballz < cliché < Megaman < moscow mich < Pawn < LewdCelebs4Free < ImYourDade
peenlover,8,CLG. | SFAT < SANS | Blues Clues < Young < CowCowCowCowCow < Maruf < Arctic < STP < CAPTwheatroll
Bug Juice | Snorlaxative,8,CLG. | SFAT < SANS | Blues Clues < Young < CowCowCowCowCow < Maruf < Arctic < STP < CAPTwheatroll
lavalamp,8,CLG. | SFAT < bobby big ballz < cliché < Megaman < moscow mich < Pawn < LewdCelebs4Free < ImYourDade
Spi,8,CLG. | SFAT < SANS | Blues Clues < Young < CowCowCowCowCow < Maruf < Arctic < STP < ASAPferq
snek,8,CLG. | SFAT < SANS | Blues Clues < Young < CowCowCowCowCow < Maruf < Arctic < STP < ASAPferq
BCM | veggies,8,CLG. | SFAT < SANS | Blues Clues < Young < CowCowCowCowCow < Jakespeare < Talen < jtetter < ushi
rickey_kc,8,CLG. | SFAT < SANS | Blues Clues < Young < CowCowCowCowCow < Maruf < Arctic < STP < ASAPferq
HorseGirl420,8,CLG. | SFAT < SANS | Blues Clues < Young < CowCowCowCowCow < Jakespeare < Talen < jtetter < Hamburglar
dirtyDev,8,CLG. | SFAT < bobby big ballz < cliché < Megaman < moscow mich < Pawn < pointykitty < hHerb
Big Pivot,8,CLG. | SFAT < bobby big ballz < cliché < Megaman < moscow mich < Pawn < pointykitty < Kettering
TNC | n3zModGod,8,CLG. | SFAT < bobby big ballz < cliché < Megaman < moscow mich < Pawn < pointykitty < kippu
JCobbs,8,CLG. | SFAT < bobby big ballz < cliché < Megaman < moscow mich < Pawn < pointykitty < Kettering
Ahung,8,CLG. | SFAT < SANS | Blues Clues < Young < CowCowCowCowCow < Jakespeare < Talen < jtetter < SRN | Soulrifle211
gbio,8,CLG. | SFAT < bobby big ballz < cliché < Megaman < moscow mich < Pawn < pointykitty < Kettering
Night,9,CLG. | SFAT < bobby big ballz < cliché < Megaman < moscow mich < Pawn < LewdCelebs4Free < ImYourDade < BEBO
bensw,9,CLG. | SFAT < bobby big ballz < cliché < Megaman < moscow mich < Pawn < pointykitty < Kettering < Big Pivot
DCG | Spots,9,CLG. | SFAT < bobby big ballz < cliché < Megaman < moscow mich < Pawn < pointykitty < Kettering < Big Pivot
CID,9,CLG. | SFAT < SANS | Blues Clues < Young < CowCowCowCowCow < Maruf < Arctic < STP < ASAPferq < snek
TT | Dair,9,CLG. | SFAT < SANS | Blues Clues < Young < CowCowCowCowCow < Maruf < Arctic < STP < ASAPferq < snek
Funktrocious,NA,NA
melatonin,NA,NA
Yuki08,NA,NA
Snoos,NA,NA
ButterRoyaleTV,NA,NA
PP | Droze,NA,NA
$W@6 | rocketf20,NA,NA
Tomz,NA,NA
glum oinkin',NA,NA
BABA | Babo,NA,NA
lemon,NA,NA
Rose,NA,NA
LVD | Super,NA,NA
Frost | JJK,NA,NA
Fishpaste,NA,NA
Just Jason,NA,NA
Raffshot,NA,NA
Badboi,NA,NA
Hellraid,NA,NA
Sleeepy,NA,NA
CarltonDanks,NA,NA
N8V,NA,NA
Blu-J,NA,NA
Abhi,NA,NA
KLAWHAU5,NA,NA
ACAB | Mugen,NA,NA
Special K,NA,NA
Daddy Icey,NA,NA
Afron,NA,NA
early,NA,NA
flowjam,NA,NA
LoneCubone,NA,NA
Sax,NA,NA
8167263631 | Notto,NA,NA
Snickerdoodle,NA,NA
